{"main_file_processor": 3159.624151945114, "main_file_processor_ray": 63.307382583618164}