{
  "run_basic_program": 1600.6582169532776,
  "run_ray_program": 12.260343074798584
}

